,geometry,shape_id,poly_index
0,"MULTILINESTRING ((-116.2679205565138 33.76722173105328, -116.2679 33.76882, -116.2679 33.77296, -116.266883 33.772964, -116.2646081291542 33.7729736713548), (-116.25151 33.75848174857143, -116.25151 33.75838, -116.241158 33.758365, -116.23416 33.75839, -116.23425 33.7582, -116.23423 33.75732, -116.234224 33.755229, -116.23423 33.75121, -116.22979 33.75124, -116.228247 33.751236, -116.2254 33.75123, -116.217431 33.751294, -116.21676 33.7513, -116.21674 33.75096, -116.21676 33.74893, -116.21675 33.746, -116.2168 33.74398, -116.21622 33.74396, -116.21546 33.74396, -116.21351 33.74396, -116.204644 33.743902, -116.19971 33.74385, -116.19957 33.74386, -116.19942 33.7439, -116.19944 33.74378, -116.19945 33.73926, -116.19947 33.73669, -116.19946 33.73343, -116.19948 33.730266, -116.19948 33.7297, -116.19945 33.7295, -116.1994 33.72942, -116.20349 33.72942, -116.20551 33.72945, -116.20642 33.72945, -116.20776 33.72942, -116.209181 33.729426, -116.21631 33.72944, -116.216303 33.726376, -116.21631 33.72397, -116.21625 33.7222, -116.2162 33.71901, -116.21617 33.71865, -116.21624 33.71851, -116.216241 33.717396, -116.21628 33.71565, -116.21633 33.71491, -116.21184 33.7149))",1091108346,0
1,"MULTILINESTRING ((-116.536889 33.84486, -116.536859 33.846419, -116.53687 33.84778, -116.53683 33.85214, -116.534768 33.85213, -116.5303 33.85216, -116.52814 33.85214, -116.528109 33.855629, -116.528079 33.85952, -116.53422 33.859527, -116.53681 33.85952, -116.537569 33.8595, -116.54411 33.8595, -116.545045 33.859532, -116.54553 33.85954, -116.54547 33.85976, -116.54546 33.86005, -116.54546 33.86316, -116.545929 33.863159, -116.54695 33.86321, -116.551432 33.863175, -116.55363 33.8632, -116.55402 33.863229, -116.55461 33.86324, -116.55627 33.86324, -116.55792 33.86329, -116.55876 33.86328, -116.558769 33.862599, -116.559569 33.86257, -116.559719 33.86255, -116.560029 33.86247, -116.5605 33.86221, -116.560789 33.86194, -116.561021 33.861671, -116.5612262997646 33.86133519960978), (-116.5595896726469 33.86031872025644, -116.55944 33.86022, -116.55874 33.85968, -116.55862 33.85961, -116.55802 33.85897, -116.5580098465394 33.8589596105953), (-116.5580012844574 33.85895084954938, -116.556729 33.857649, -116.55433 33.855088, -116.5539 33.85462, -116.547627 33.848028, -116.54741 33.84777, -116.54725 33.84753, -116.54714 33.84733, -116.54696 33.84691, -116.54687 33.84664, -116.546789 33.846299, -116.546759 33.845769, -116.54677 33.842999))",1091108348,0
2,"MULTILINESTRING ((-116.510109 33.962609, -116.510109 33.961449, -116.50133 33.96147, -116.50132 33.960918, -116.50133 33.959369, -116.501309 33.95634, -116.501309 33.951927, -116.501289 33.946769, -116.501407 33.942936, -116.501663 33.933945, -116.50171 33.93249, -116.5017298805891 33.924998), (-116.5058778641341 33.84855844628645, -116.505899 33.84681, -116.50588 33.84623, -116.505839 33.8459, -116.505799 33.84493, -116.50602 33.84493, -116.516848 33.844889, -116.527674 33.84484, -116.52818 33.84484, -116.528169 33.84231, -116.52821 33.836268, -116.528209 33.83213, -116.52824 33.829329, -116.52824 33.827276, -116.52823 33.824989, -116.52824 33.823179, -116.534134 33.823186, -116.54214 33.82317, -116.544957 33.823126, -116.545479 33.823109, -116.545569 33.823079, -116.546799 33.823099, -116.54678 33.81584, -116.546546 33.81584, -116.545569 33.815829, -116.543779 33.81586, -116.54026 33.81586, -116.535728 33.815899, -116.533109 33.815919, -116.533019 33.815909, -116.524906 33.815934, -116.518029 33.81594, -116.518039 33.81922, -116.518049 33.820689))",1091108350,0
3,"LINESTRING (-116.303799 33.75617, -116.30407 33.75622, -116.30435 33.75624, -116.3053 33.75622, -116.30544 33.75624, -116.30557 33.7563, -116.3056 33.75635, -116.30561 33.756419, -116.30562 33.75815, -116.30486 33.75815, -116.30426 33.758129, -116.30399 33.7581, -116.30364 33.75803, -116.30291 33.75782, -116.30268 33.75778, -116.30283 33.75764, -116.3029 33.75753, -116.30354 33.755959, -116.30369 33.75558, -116.30381 33.75518, -116.303864 33.754824, -116.30388 33.75469, -116.303889 33.753979, -116.3039 33.75183, -116.303893 33.745841, -116.303929 33.7436, -116.303919 33.74304, -116.303929 33.736849, -116.30395 33.729769, -116.30398 33.72899, -116.30393 33.72848, -116.30386 33.72809, -116.303798 33.727872, -116.30374 33.72767, -116.30357 33.72721, -116.30335 33.72677, -116.30301 33.72623, -116.302749 33.725889, -116.30233 33.725449, -116.30157 33.724799, -116.29779 33.721689, -116.29753 33.7217, -116.296682 33.72169, -116.29452 33.72172, -116.291919 33.72173, -116.291699 33.72182, -116.28897 33.72184, -116.28625 33.72182, -116.286248 33.721527, -116.28621 33.712533, -116.28617 33.70653, -116.28737 33.70653, -116.28774 33.70657, -116.28819 33.70671, -116.28898 33.70709, -116.28915 33.70715, -116.28942 33.70721, -116.289581 33.707216, -116.291639 33.707189, -116.29194 33.70721, -116.29238 33.70729, -116.29286 33.70745, -116.2933 33.70755, -116.29465 33.70756, -116.29464 33.70613, -116.294659 33.705759, -116.294749 33.705189, -116.2949 33.704489, -116.29496 33.70404, -116.29499 33.70362, -116.294986 33.702862, -116.29494 33.69536, -116.29496 33.69498, -116.295066 33.693877, -116.29527 33.69203, -116.29527 33.69155, -116.29524 33.69119, -116.294929 33.68975, -116.29491 33.689459, -116.294908 33.684916, -116.2949 33.68214, -116.29494 33.68099, -116.294919 33.67814, -116.297582 33.67814, -116.299749 33.67814, -116.30151 33.67816, -116.30368 33.67815, -116.30368 33.675969, -116.303661 33.674234, -116.30367 33.67341, -116.303649 33.67292, -116.30367 33.672639, -116.306639 33.672639, -116.3071 33.672629, -116.3075 33.67257, -116.307699 33.67257, -116.307789 33.67258, -116.30787 33.672609, -116.307889 33.672639, -116.307929 33.67266, -116.307979 33.67267, -116.30804 33.67266, -116.30814 33.67259, -116.308149 33.67248, -116.3081 33.672429, -116.308079 33.672329, -116.308069 33.671109, -116.308079 33.668996, -116.3081 33.660006, -116.3081 33.654339, -116.31069 33.65435)",1091108352,0
4,"LINESTRING (-116.31069 33.65435, -116.30983 33.65434, -116.31325 33.65436, -116.31324 33.65979, -116.31321 33.66342, -116.313211 33.668781, -116.31322 33.67249, -116.31151 33.67251, -116.308959 33.6725, -116.308779 33.67248, -116.308239 33.67249, -116.308149 33.67248, -116.3081 33.672429, -116.308029 33.672419, -116.30795 33.672429, -116.307899 33.672459, -116.307879 33.67249, -116.306939 33.672506, -116.30367 33.6725, -116.303649 33.67292, -116.30367 33.67341, -116.303659 33.674329, -116.30368 33.675969, -116.30368 33.67815, -116.302939 33.67815, -116.30151 33.67816, -116.299749 33.67814, -116.29476 33.67814, -116.29476 33.680325, -116.29477 33.68244, -116.29473 33.68421, -116.29476 33.685389, -116.29476 33.68704, -116.29474 33.6875, -116.29473 33.68903, -116.294746 33.689316, -116.29477 33.68975, -116.29484 33.69017, -116.29495 33.69059, -116.295059 33.69112, -116.2951 33.69155, -116.2951 33.69191, -116.29508 33.69218, -116.2949 33.693789, -116.29478 33.69507, -116.29477 33.69536, -116.29478 33.698271, -116.294799 33.7004, -116.294789 33.70111, -116.29481 33.70352, -116.2948 33.70385, -116.29469 33.70468, -116.29459 33.705099, -116.2945 33.70563, -116.294469 33.70596, -116.29446 33.707239, -116.29446 33.70756, -116.2933 33.70755, -116.29286 33.70745, -116.29238 33.70729, -116.29194 33.70721, -116.291639 33.707189, -116.289699 33.70722, -116.28942 33.70721, -116.28915 33.70715, -116.28898 33.70709, -116.28819 33.70671, -116.28774 33.70657, -116.28737 33.70653, -116.28617 33.70653, -116.286187 33.708101, -116.28623 33.717093, -116.28625 33.72182, -116.28835 33.72184, -116.291378 33.721823, -116.291699 33.72182, -116.291919 33.72173, -116.29452 33.72172, -116.296729 33.721689, -116.29753 33.7217, -116.300815 33.724412, -116.30199 33.72537, -116.30235 33.72571, -116.30279 33.726189, -116.30328 33.726979, -116.30358 33.72766, -116.3037 33.72807, -116.30373 33.728229, -116.30377 33.72849, -116.30381 33.72899, -116.30378 33.729609, -116.303799 33.73063, -116.303789 33.732591, -116.303789 33.73739, -116.30377 33.739569, -116.30378 33.741582, -116.30378 33.74366, -116.30376 33.74406, -116.30373 33.75057, -116.303739 33.751359, -116.30372 33.75455, -116.30368 33.75498, -116.30364 33.75521, -116.30337 33.756039, -116.3038 33.75617)",1091108353,0
5,"MULTILINESTRING ((-116.21184 33.7149, -116.21031 33.71491, -116.20748 33.71489, -116.20733 33.71491, -116.20721 33.71495, -116.20704 33.71517, -116.211939 33.717839, -116.21485 33.71942, -116.21519 33.71897, -116.21533 33.71884, -116.21556 33.71872, -116.21571 33.71867, -116.21586 33.71865, -116.21617 33.71865, -116.2162 33.71901, -116.21625 33.7222, -116.216287 33.723299, -116.21631 33.72397, -116.21631 33.72944, -116.212881 33.729438, -116.20776 33.72942, -116.20642 33.72945, -116.20551 33.72945, -116.20349 33.72942, -116.202067 33.72942, -116.1994 33.72942, -116.19937 33.72955, -116.19936 33.72974, -116.19936 33.736193, -116.19931 33.74055, -116.19933 33.7437, -116.19942 33.7439, -116.19965 33.74394, -116.200945 33.743963, -116.20415 33.74401, -116.20646 33.74401, -116.21022 33.74404, -116.21176 33.744073, -116.21353 33.74411, -116.21665 33.74408, -116.21664 33.749007, -116.21665 33.7513, -116.224708 33.751234, -116.22979 33.75124, -116.23407 33.75121, -116.23409 33.752419, -116.23409 33.75766, -116.23412 33.75822, -116.23416 33.75839, -116.237792 33.758377, -116.24267 33.75836, -116.24861 33.758374, -116.25151 33.75838, -116.25151 33.75848174857143), (-116.2646081381716 33.77297120476084, -116.26899 33.77296, -116.269008 33.768517, -116.2690199530552 33.76572098115948))",1091108354,0
6,"LINESTRING (-116.518029 33.81594, -116.528209 33.81593, -116.528218 33.816465, -116.52824 33.82318, -116.530979 33.823189, -116.541802 33.82317, -116.543199 33.82316, -116.54533 33.823119, -116.545479 33.823109, -116.545569 33.823079, -116.545579 33.82693, -116.5456 33.828936, -116.54561 33.82991, -116.5456 33.83097, -116.54561 33.831569, -116.54561 33.83196, -116.54561 33.83292, -116.545589 33.833089, -116.54561 33.83331, -116.545619 33.833989, -116.545619 33.8361, -116.5456 33.83692, -116.5456 33.837925, -116.54561 33.83989, -116.545589 33.84257, -116.5456 33.84298, -116.545589 33.846915, -116.54556 33.85211, -116.547469 33.85213, -116.55013 33.85212, -116.551509 33.85212, -116.5539 33.85462, -116.556729 33.857649, -116.557354 33.858284, -116.55862 33.85961, -116.55868 33.85973, -116.558809 33.85988, -116.559299 33.8603, -116.55978 33.86067, -116.561149 33.861459, -116.56103 33.86166, -116.560789 33.86194, -116.5605 33.86221, -116.560029 33.86247, -116.559719 33.86255, -116.559569 33.86257, -116.558769 33.862599, -116.55876 33.86328, -116.55792 33.86329, -116.557159 33.863262, -116.55627 33.86324, -116.55461 33.86324, -116.55402 33.863229, -116.55363 33.8632, -116.55096 33.863169, -116.54695 33.86321, -116.546334 33.863179, -116.545929 33.863159, -116.545589 33.863159, -116.5456 33.86006, -116.545569 33.859829, -116.545529 33.859539, -116.54411 33.8595, -116.539816 33.8595, -116.533 33.85953, -116.52899 33.859522, -116.528079 33.85952, -116.52815 33.851285, -116.52818 33.84484, -116.526499 33.84485)",1091108356,0
7,"MULTILINESTRING ((-116.355899 33.776299, -116.355949 33.77348, -116.35601 33.77174, -116.35607 33.768489, -116.356116 33.76731, -116.35617 33.76537, -116.356259 33.76086, -116.356334 33.75832, -116.356359 33.74933, -116.35637 33.748129, -116.35637 33.747029, -116.356349 33.74638, -116.356359 33.74034, -116.35636 33.73998, -116.356299 33.739779, -116.356269 33.737229, -116.356289 33.731354, -116.3563 33.73078, -116.35629 33.728859, -116.35768 33.728859, -116.35823 33.72893, -116.364094 33.72892, -116.36557 33.72893, -116.36632 33.728979, -116.371829 33.728969, -116.37444 33.72898, -116.374897 33.728969, -116.37677 33.72893, -116.37788 33.72894, -116.38211 33.7289, -116.38253 33.72888, -116.38289 33.72884, -116.38364 33.72881, -116.3857 33.72881, -116.39108 33.7288, -116.39305 33.728759, -116.396504 33.72873, -116.40284 33.72869, -116.4028613187937 33.72867996762651), (-116.4008148744062 33.7255874143795, -116.400798 33.725565, -116.40034 33.724909, -116.39951 33.72383, -116.39914 33.72342, -116.3986 33.72294, -116.39852 33.72314, -116.39841 33.72335, -116.398339 33.72363, -116.39837 33.72515))",1091108358,0
8,"MULTILINESTRING ((-116.2679205565138 33.76722173105328, -116.2679 33.76882, -116.2679 33.77296, -116.266883 33.772964, -116.2646081291542 33.7729736713548), (-116.25151 33.75848174857143, -116.25151 33.75838, -116.241158 33.758365, -116.23416 33.75839, -116.23425 33.7582, -116.23423 33.75732, -116.234224 33.755229, -116.23423 33.75121, -116.22979 33.75124, -116.228247 33.751236, -116.2254 33.75123, -116.217431 33.751294, -116.21676 33.7513, -116.21674 33.75096, -116.21676 33.74893, -116.21675 33.746, -116.2168 33.74398, -116.21622 33.74396, -116.21546 33.74396, -116.21351 33.74396, -116.204644 33.743902, -116.19971 33.74385, -116.19957 33.74386, -116.19942 33.7439, -116.19944 33.74378, -116.19945 33.73926, -116.19947 33.73669, -116.19946 33.73343, -116.19948 33.730266, -116.19948 33.7297, -116.19945 33.7295, -116.1994 33.72942, -116.20349 33.72942, -116.20551 33.72945, -116.20642 33.72945, -116.20776 33.72942, -116.209181 33.729426, -116.21631 33.72944, -116.216319 33.72999))",1091108361,0
9,"MULTILINESTRING ((-116.54677 33.843, -116.54678 33.84172, -116.54677 33.83755, -116.5456 33.83756, -116.545606 33.840131, -116.545579 33.849121, -116.54556 33.85211, -116.547469 33.85213, -116.551509 33.85212, -116.552302 33.852953, -116.5539 33.85462, -116.556729 33.857649, -116.5580012844574 33.85895084954938), (-116.5580098465394 33.8589596105953, -116.55802 33.85897, -116.55862 33.85961, -116.55868 33.85973, -116.558809 33.85988, -116.558978 33.86002, -116.559299 33.8603, -116.55978 33.86067, -116.561149 33.861459, -116.56103 33.86166, -116.560789 33.86194, -116.5605 33.86221, -116.560029 33.86247, -116.559719 33.86255, -116.559569 33.86257, -116.558769 33.862599, -116.55876 33.86328, -116.55792 33.86329, -116.55627 33.86324, -116.554503 33.863237, -116.55402 33.863229, -116.55363 33.8632, -116.55096 33.863169, -116.54695 33.86321, -116.545929 33.863159, -116.54559 33.86316, -116.5456 33.861574, -116.5456 33.86006, -116.545569 33.859829, -116.545529 33.859539, -116.54411 33.8595, -116.543279 33.8595, -116.543099 33.8595, -116.54161 33.8595), (-116.54161 33.8595, -116.541609 33.8595), (-116.541609 33.8595, -116.5401 33.8595, -116.540099 33.8595, -116.539179 33.8595, -116.53769 33.8595, -116.537569 33.8595, -116.537161 33.859511, -116.533 33.85953, -116.528079 33.85952, -116.528089 33.858071, -116.52814 33.85214, -116.5303 33.85216, -116.531827 33.852146, -116.53467 33.85213, -116.53683 33.85214, -116.53687 33.84778, -116.536863 33.847302, -116.536859 33.846419, -116.536889 33.84486, -116.529003 33.84484, -116.52818 33.84484, -116.528169 33.84231, -116.52821 33.836532, -116.528209 33.83213, -116.52824 33.829329, -116.52824 33.82754, -116.52823 33.824989, -116.52824 33.82306, -116.522816 33.82308, -116.518039 33.823089, -116.518049 33.820689, -116.518035 33.818068, -116.518029 33.81594, -116.518719 33.81594))",1091108362,0
10,"LINESTRING (-116.28622 33.714559, -116.28617 33.70653, -116.287327 33.70653, -116.28774 33.70657, -116.28801 33.70665, -116.28819 33.70671, -116.28898 33.70709, -116.28915 33.70715, -116.28942 33.70721, -116.289699 33.70722, -116.291639 33.707189, -116.29194 33.70721, -116.29238 33.70729, -116.29286 33.70745, -116.2933 33.70755, -116.29465 33.70756, -116.29464 33.70613, -116.294659 33.705759, -116.294749 33.705189, -116.294815 33.704876, -116.2949 33.704489, -116.29496 33.70404, -116.29499 33.70362, -116.29494 33.695899, -116.29494 33.69536, -116.29496 33.69498, -116.29513 33.693229, -116.29527 33.69203, -116.29527 33.69155, -116.29524 33.69119, -116.294929 33.68975, -116.2949 33.68903, -116.2949 33.686942, -116.29491 33.6848, -116.2949 33.68214, -116.29494 33.68099, -116.294919 33.67814, -116.295148 33.67814, -116.299749 33.67814, -116.30151 33.67816, -116.30368 33.67815, -116.30368 33.676259, -116.303659 33.674329, -116.30367 33.67341, -116.303649 33.67292, -116.30367 33.672639, -116.306639 33.672639, -116.3071 33.672629, -116.3075 33.67257, -116.307699 33.67257, -116.307789 33.67258, -116.30787 33.672609, -116.307889 33.672639, -116.307929 33.67266, -116.30804 33.67266, -116.30814 33.67259, -116.308149 33.672539, -116.308149 33.67248, -116.3081 33.672429, -116.308079 33.672329, -116.308069 33.671022, -116.30809 33.662032, -116.3081 33.654339, -116.309661 33.654342, -116.30983 33.65434)",1091108364,0
11,"LINESTRING (-116.31069 33.65435, -116.30983 33.65434, -116.31325 33.65436, -116.31324 33.65979, -116.31321 33.66342, -116.313211 33.668781, -116.31322 33.67249, -116.31151 33.67251, -116.308959 33.6725, -116.308779 33.67248, -116.308239 33.67249, -116.308149 33.67248, -116.3081 33.672429, -116.308029 33.672419, -116.30795 33.672429, -116.307899 33.672459, -116.307879 33.67249, -116.306939 33.672506, -116.30367 33.6725, -116.303649 33.67292, -116.30367 33.67341, -116.303659 33.674329, -116.30368 33.675969, -116.30368 33.67815, -116.302939 33.67815, -116.30151 33.67816, -116.299749 33.67814, -116.29476 33.67814, -116.29476 33.680325, -116.29477 33.68244, -116.29473 33.68421, -116.29476 33.685389, -116.29476 33.68704, -116.29474 33.6875, -116.29473 33.68903, -116.294746 33.689316, -116.29477 33.68975, -116.29484 33.69017, -116.29495 33.69059, -116.295059 33.69112, -116.2951 33.69155, -116.2951 33.69191, -116.29508 33.69218, -116.2949 33.693789, -116.29478 33.69507, -116.29477 33.69536, -116.29478 33.698271, -116.294799 33.7004, -116.294789 33.70111, -116.29481 33.70352, -116.2948 33.70385, -116.29469 33.70468, -116.29459 33.705099, -116.2945 33.70563, -116.294469 33.70596, -116.29446 33.707239, -116.29446 33.70756, -116.2933 33.70755, -116.29286 33.70745, -116.29238 33.70729, -116.29194 33.70721, -116.291639 33.707189, -116.289699 33.70722, -116.28942 33.70721, -116.28915 33.70715, -116.28898 33.70709, -116.28819 33.70671, -116.28774 33.70657, -116.28737 33.70653, -116.28617 33.70653, -116.286187 33.708101, -116.28623 33.717093, -116.28625 33.72182, -116.28835 33.72184, -116.291378 33.721823, -116.291699 33.72182, -116.29193 33.72189, -116.2977 33.72183, -116.300868 33.724454, -116.30199 33.72537, -116.30235 33.72571, -116.30279 33.726189, -116.30328 33.726979, -116.30358 33.72766, -116.3037 33.72807, -116.30373 33.728229, -116.30377 33.72849, -116.30381 33.72899, -116.30378 33.729609, -116.303799 33.73063, -116.303789 33.732652, -116.303789 33.73739, -116.30377 33.739569, -116.30378 33.741643, -116.30378 33.74366, -116.30376 33.74406, -116.303731 33.750632, -116.303739 33.751359, -116.30372 33.75455, -116.30368 33.75498, -116.30364 33.75521, -116.30337 33.756039, -116.3038 33.75617)",1091108365,0
12,"MULTILINESTRING ((-115.9219593281242 33.52309965933055, -115.92196 33.5231, -115.9238305097081 33.52410309717507), (-115.9262584975317 33.5253597215823, -115.9263768364264 33.52539040203646), (-115.9296042309941 33.52541208665841, -115.930511 33.52541, -115.93078 33.52541, -115.9307798344953 33.52541998545014), (-115.9307279820706 33.5290304886982, -115.93121 33.52906, -115.9314 33.529089, -115.93158 33.52915, -115.93532 33.531129, -115.93514 33.53134, -115.93508 33.53146, -115.93501 33.53167, -115.935 33.531787, -115.93498 33.534239, -115.93489 33.53989, -115.935958 33.539886, -115.93812 33.539879, -115.93927 33.53993, -115.94363 33.53998, -115.946746 33.539987, -115.94799 33.53999, -115.94911 33.53996, -115.9492420198838 33.53996076783078), (-116.0598774259732 33.55478385712641, -116.060658 33.555135, -116.06166 33.55559, -116.06285 33.55619, -116.06372 33.55665, -116.06421 33.55693, -116.0648 33.55731, -116.06554 33.55782, -116.06611 33.55826, -116.06673 33.55878, -116.06714 33.55917, -116.06812 33.56021, -116.0682275728501 33.56033567572464), (-116.0760062146565 33.56934277942872, -116.07607 33.56942, -116.0759069979418 33.56934237997228))",1091108367,0
13,"MULTILINESTRING ((-116.0759069979418 33.56934237997228, -116.07607 33.56942, -116.076006754455 33.569342781602), (-116.0682273708467 33.56033547407085, -116.06812 33.56021, -116.06714 33.55917, -116.06673 33.55878, -116.06611 33.55826, -116.06554 33.55782, -116.0648 33.55731, -116.064205 33.556927, -116.06372 33.55665, -116.06285 33.55619, -116.06166 33.55559, -116.0598709777937 33.55478381631514), (-115.9492420197743 33.53996103894145, -115.94911 33.53996, -115.94799 33.53999, -115.94363 33.53998, -115.9401 33.53994, -115.93927 33.53993, -115.93812 33.539879, -115.93489 33.53989, -115.934962 33.535241, -115.935 33.53177, -115.93501 33.53167, -115.93508 33.53146, -115.93514 33.53134, -115.93532 33.531129, -115.93158 33.52915, -115.9314 33.529089, -115.93121 33.52906, -115.9307279820706 33.5290304886982), (-115.9307798361519 33.52541998546126, -115.93078 33.52541, -115.9296543775103 33.5254124235891), (-115.9263768364264 33.52539040203646, -115.9262584975317 33.5253597215823), (-115.9238278928213 33.52410174278447, -115.92196 33.5231, -115.9219587318841 33.52306829710145), (-115.9219507959184 33.52286989795918, -115.92195 33.52285, -115.9218968181818 33.5228429090909))",1091108368,0
14,"MULTILINESTRING ((-116.1216097002748 33.53992958722779, -116.1129052757738 33.53993896093498), (-116.112868115985 33.54000405310415, -116.112852 33.54119, -116.112748 33.550182, -116.112689 33.55461, -116.1126898765818 33.55470301959912), (-116.0789620114943 33.56938942528735, -116.07882 33.56943, -116.07865 33.56952, -116.0784213353579 33.56968197078817), (-116.0784842138684 33.56977933150826, -116.07949 33.57099, -116.0790401721387 33.57125951170009), (-116.0781406557186 33.57172239854602, -116.07809 33.571739, -116.07796 33.57167, -116.07787 33.57168, -116.07778 33.571729, -116.077749 33.571819, -116.077759 33.57187, -116.07801 33.57212, -116.078129 33.572199, -116.078389 33.57232, -116.078579 33.572369, -116.078749 33.572459, -116.0787693072768 33.57247762898948), (-116.0789762113542 33.5727261931679, -116.0790208747138 33.57279187457917), (-116.0790205751374 33.57282026833143, -116.077375 33.572843, -116.07605 33.57286, -116.07452 33.57284, -116.06813 33.57288, -116.06811 33.57267, -116.06799 33.57234, -116.06793 33.57201, -116.0679 33.57161, -116.0679294838244 33.56931026170081))",1091108371,0
15,"MULTILINESTRING ((-116.0679295090024 33.56931026180218, -116.0679 33.57173, -116.06793 33.57201, -116.06799 33.57234, -116.06811 33.57267, -116.06813 33.57288, -116.068786 33.572875, -116.07452 33.57284, -116.07605 33.57286, -116.0790205752268 33.57282025986319), (-116.0790208747138 33.57279187457917, -116.0789762113542 33.5727261931679), (-116.0787810955273 33.57249179080223, -116.078737 33.572453, -116.078579 33.572369, -116.078389 33.57232, -116.078129 33.572199, -116.07801 33.57212, -116.077859 33.57196, -116.077929 33.57197, -116.078019 33.57195, -116.07809 33.571899, -116.078109 33.571839, -116.0781984092492 33.57179178074028), (-116.0790401721387 33.57125951170009, -116.07949 33.57099, -116.0784842138684 33.56977933150826), (-116.0784213353579 33.56968197078817, -116.07865 33.56952, -116.07882 33.56943, -116.07894 33.56939, -116.0789620171126 33.56938425640541))",1091108373,0
16,"MULTILINESTRING ((-116.21184 33.7149, -116.21031 33.714909, -116.210293 33.715188, -116.20811 33.718889, -116.206959 33.720879, -116.20639 33.72173, -116.2061 33.72221, -116.20578 33.7227, -116.20512 33.72338, -116.20471 33.72372, -116.200609 33.726699, -116.200869 33.72686, -116.201059 33.726909, -116.20202 33.727089, -116.20234 33.727179, -116.20274 33.727349, -116.203759 33.727879, -116.2045 33.72839, -116.20593 33.72945, -116.206779 33.730149, -116.20766 33.730939, -116.208309 33.731559, -116.209109 33.732379, -116.212259 33.735699, -116.212899 33.736259, -116.21331 33.73656, -116.213659 33.736789, -116.214199 33.7371, -116.21486 33.737439, -116.21558 33.73774, -116.216539 33.738069, -116.21697 33.73819, -116.21737 33.73828, -116.21778 33.73835, -116.21836 33.738429, -116.219279 33.738505, -116.229489 33.739309, -116.23221 33.73954, -116.232869 33.739589, -116.23353 33.739599, -116.23443 33.739599, -116.23487 33.73956, -116.23547 33.739479, -116.23676 33.73925, -116.239039 33.738789, -116.23988 33.73865, -116.240649 33.73855, -116.241699 33.73845, -116.24267 33.738399, -116.243579 33.738389, -116.244209 33.738409, -116.24537 33.738479, -116.246249 33.738569, -116.246829 33.73865, -116.248089 33.738879, -116.249389 33.73919, -116.249929 33.73934, -116.25036 33.739479, -116.25162 33.73992, -116.252409 33.74025, -116.253209 33.74063, -116.254659 33.74134, -116.260625 33.744319, -116.261459 33.74474, -116.262349 33.74522, -116.26282 33.7455, -116.26328 33.745809, -116.26422 33.74654, -116.265629 33.747759, -116.26623 33.748239, -116.266899 33.748689, -116.26768 33.7491, -116.268199 33.74934, -116.268869 33.7496, -116.27003 33.749939, -116.271159 33.75014, -116.27285 33.750369, -116.273559 33.750489, -116.274359 33.75068, -116.27478 33.750809, -116.275479 33.75107, -116.283759 33.754429, -116.28506 33.75495, -116.28591 33.75527, -116.28641 33.75545, -116.2883 33.756049, -116.29581 33.758309, -116.29662 33.758589, -116.297319 33.75887, -116.299187 33.759699, -116.30012 33.760099, -116.301819 33.76068, -116.30216 33.76078, -116.3025 33.76086, -116.30391 33.76113, -116.305989 33.76148, -116.306719 33.761639, -116.307879 33.76195, -116.31476 33.76403, -116.316039 33.764399, -116.3171121639954 33.76475130131162), (-116.3174233210305 33.76485344882312, -116.318019 33.765049, -116.31917 33.765499, -116.32086 33.76626, -116.3215180064051 33.76659552734537), (-116.3218735228734 33.76677681053037, -116.321919 33.7668, -116.323099 33.76743, -116.32923 33.77106, -116.3302327010005 33.7716718175596), (-116.354916405344 33.78557954931769, -116.35508 33.78534), (-116.35508 33.78534, -116.35525 33.78503), (-116.35525 33.78503, -116.35538 33.78475, -116.3554482395633 33.78458202569042), (-116.3556092139937 33.78351323034384, -116.35562 33.78292), (-116.35562 33.78292, -116.3556819309623 33.78279613807531), (-116.3557890895383 33.78155922524665, -116.35579 33.78147, -116.35589 33.77718, -116.35589 33.777, -116.35572 33.777), (-116.35572 33.777, -116.355719 33.777), (-116.355719 33.777, -116.3543 33.77696, -116.354289 33.776749, -116.354149 33.776199, -116.35404 33.775939, -116.35382 33.775569, -116.353519 33.77528, -116.35313 33.77498, -116.35264 33.77471, -116.35264 33.772719, -116.354184 33.772719, -116.3558 33.772719, -116.355719 33.776759, -116.355719 33.777), (-116.35572 33.777, -116.35572 33.77718, -116.35572 33.77758, -116.355579 33.78146, -116.35562 33.78292), (-116.3554504329961 33.78456746231674, -116.35525 33.78503), (-116.35508 33.78534, -116.3549182485982 33.7855804412729), (-116.3862772933147 33.80555274245737, -116.386459 33.805659, -116.38773 33.80629, -116.39023 33.80736, -116.39101 33.80773, -116.392079 33.808319, -116.39351 33.80919, -116.39625 33.81081, -116.39696 33.81125, -116.39828 33.812119, -116.3989 33.81257, -116.406175 33.818091, -116.408229 33.81965, -116.408909 33.820149, -116.409629 33.82063, -116.4099811444022 33.82085176303287), (-116.4119977274718 33.82204631643735, -116.412379 33.82226, -116.413739 33.82306, -116.4144334081889 33.82348912865606), (-116.4510601402291 33.84518174069799, -116.45412 33.84699, -116.4547 33.847319, -116.46042 33.850719, -116.4751244034903 33.85940156509529))",1091108374,0
17,"MULTILINESTRING ((-116.4756200851955 33.85939659834474, -116.46365 33.85229, -116.458269 33.849129, -116.455839 33.847679, -116.44782 33.842944, -116.412548 33.82208, -116.41 33.82057, -116.40908 33.81998, -116.407919 33.819149, -116.405129 33.817059, -116.39947 33.81276, -116.398 33.81169, -116.39704 33.81105, -116.39599 33.81039, -116.391899 33.807979, -116.39119 33.80758, -116.390199 33.80711, -116.38737 33.80591, -116.38645 33.80539, -116.3864320143472 33.805378758967), (-116.354916405344 33.78557954931769, -116.35508 33.78534), (-116.35508 33.78534, -116.35525 33.78503), (-116.35525 33.78503, -116.35538 33.78475, -116.3554482395633 33.78458202569042), (-116.3556092139937 33.78351323034384, -116.35562 33.78292), (-116.35562 33.78292, -116.3556819309623 33.78279613807531), (-116.3557979782994 33.78155925698192, -116.35589 33.777, -116.35572 33.777), (-116.35572 33.777, -116.355719 33.777), (-116.355719 33.777, -116.3543 33.77696, -116.354289 33.776749, -116.35418 33.776289, -116.35404 33.775939, -116.35388 33.775669, -116.35382 33.775569, -116.35376 33.775509, -116.353519 33.77528, -116.35332 33.775119, -116.35313 33.77498, -116.35264 33.77471, -116.35264 33.772719, -116.3558 33.772719, -116.355719 33.776759, -116.355719 33.777), (-116.35572 33.777, -116.35572 33.77718, -116.35572 33.77758, -116.355579 33.78146, -116.35562 33.78292), (-116.3554504329961 33.78456746231674, -116.35525 33.78503), (-116.3510076020465 33.78368806986834, -116.350199 33.7832, -116.348199 33.78203, -116.3400667610895 33.7772139250217), (-116.3326277609585 33.77278268003064, -116.32402 33.76769, -116.32267 33.76692, -116.321479 33.76629, -116.31984 33.765509, -116.31785 33.76472, -116.317239 33.764519, -116.30963 33.76222, -116.307609 33.761629, -116.30706 33.76149, -116.306259 33.76132, -116.30543 33.761169, -116.30399 33.76094, -116.303289 33.760809, -116.302479 33.760629, -116.301719 33.76043, -116.30081 33.76014, -116.3004 33.759984, -116.299469 33.75959, -116.29742 33.758669, -116.29661 33.75835, -116.29548 33.757959, -116.289809 33.75626, -116.287089 33.755429, -116.28572 33.75494, -116.28518 33.75474, -116.27649 33.75123, -116.27541 33.7508, -116.274989 33.750649, -116.27444 33.750479, -116.273639 33.750279, -116.272609 33.750109, -116.27111 33.74991, -116.27011 33.74972, -116.26931 33.749499, -116.268779 33.749319, -116.26804 33.749, -116.267439 33.7487, -116.266659 33.748219, -116.266209 33.74791, -116.265809 33.747589, -116.26411 33.74612, -116.263689 33.745789, -116.26314 33.74539, -116.26249 33.74495, -116.261843 33.744605, -116.26111 33.74422, -116.25352 33.74044, -116.25258 33.74, -116.25183 33.73969, -116.250829 33.739319, -116.24953 33.73892, -116.24877 33.73873, -116.24817 33.7386, -116.24753 33.73847, -116.246819 33.73835, -116.24544 33.73819, -116.24437 33.73812, -116.24363 33.7381, -116.24253 33.73811, -116.24145 33.73817, -116.240289 33.738299, -116.23946 33.738419, -116.23559 33.73916, -116.23461 33.73928, -116.23387 33.73932, -116.23278 33.73928, -116.23225 33.73924, -116.220687 33.738312, -116.218969 33.73818, -116.21805 33.73808, -116.21754 33.738, -116.21654 33.73776, -116.21601 33.73759, -116.21521 33.73728, -116.21466 33.73701, -116.21413 33.73671, -116.21349 33.7363, -116.213119 33.73602, -116.212679 33.73566, -116.212309 33.7353, -116.20866 33.73146, -116.20806 33.73087, -116.20642 33.72945, -116.20522 33.728519, -116.20445 33.727969, -116.20401 33.72746, -116.203709 33.727169, -116.20343 33.72684, -116.202539 33.725639, -116.202329 33.725449, -116.20471 33.72372, -116.20512 33.72338, -116.20578 33.7227, -116.2061 33.72221, -116.20639 33.72173, -116.206959 33.720879, -116.20811 33.718889, -116.210293 33.715188, -116.21031 33.714909, -116.210319 33.71391, -116.21034 33.71383, -116.2104 33.71379, -116.212056 33.713786, -116.21325 33.71378, -116.21345 33.71376, -116.21352 33.71377, -116.213559 33.713859, -116.21355 33.714909, -116.210969 33.7149))",1091108375,0
18,"MULTILINESTRING ((-116.51064 33.819509, -116.510649 33.823209, -116.51163 33.82322, -116.51495 33.823199, -116.527845 33.823187, -116.54214 33.82317, -116.54533 33.823119, -116.545479 33.823109, -116.545569 33.823079, -116.545579 33.826333, -116.54561 33.82991, -116.5456 33.83097, -116.54561 33.831569, -116.54561 33.83196, -116.54561 33.83292, -116.545589 33.833089, -116.54561 33.83331, -116.545619 33.833989, -116.545619 33.8361, -116.5456 33.83692, -116.54561 33.83989, -116.545589 33.844311, -116.54558 33.85029, -116.54556 33.85211, -116.547469 33.85213, -116.551509 33.85212, -116.5539 33.85462, -116.55541 33.856241, -116.556729 33.857649, -116.5580012844574 33.85895084954938), (-116.5580098465394 33.8589596105953, -116.55802 33.85897, -116.55862 33.85961, -116.55874 33.85968, -116.55944 33.86022, -116.5595896726469 33.86031872025644), (-116.5612266656338 33.86133538323093, -116.56103 33.86166, -116.560789 33.86194, -116.5605 33.86221, -116.560029 33.86247, -116.559719 33.86255, -116.559569 33.86257, -116.558769 33.862599, -116.55876 33.86328, -116.55792 33.86329, -116.55627 33.86324, -116.55461 33.86324, -116.55402 33.863229, -116.55363 33.8632, -116.55096 33.863169, -116.549669 33.863182, -116.54695 33.86321, -116.545929 33.863159, -116.54559 33.86316, -116.5456 33.86006, -116.545569 33.859829, -116.545529 33.859539, -116.54411 33.8595, -116.543279 33.8595, -116.543099 33.8595, -116.54161 33.8595), (-116.54161 33.8595, -116.541609 33.8595), (-116.541609 33.8595, -116.5401 33.8595, -116.540099 33.8595, -116.539179 33.8595, -116.53769 33.8595, -116.537569 33.8595, -116.53681 33.85952, -116.532325 33.85953, -116.528079 33.85952, -116.52815 33.85128, -116.52818 33.845062, -116.52818 33.84484, -116.506793 33.84493, -116.5046300057883 33.84493), (-116.493246 33.84491578915662, -116.4906 33.84486, -116.485138 33.844841, -116.47889 33.84483, -116.47756 33.84484, -116.47587 33.84493, -116.47468 33.84495, -116.46955 33.84497, -116.46689 33.84496, -116.4669 33.84336, -116.466886 33.842133, -116.46689 33.83682, -116.46687 33.83047, -116.459258 33.83047, -116.4582 33.83047, -116.45819 33.82691, -116.4582 33.8256, -116.45828 33.82315, -116.45827 33.81758, -116.45823 33.81589, -116.45629 33.81587, -116.455189 33.815875, -116.44068 33.8159, -116.433541 33.815987, -116.42335 33.81613, -116.411893 33.816216, -116.40937 33.81624, -116.40829 33.81627, -116.40804 33.81632, -116.40192 33.81636, -116.40123 33.81636, -116.40102 33.8163, -116.390265 33.81634, -116.38844 33.81634, -116.38818 33.8164, -116.38815 33.81025, -116.38821 33.80884, -116.38818 33.80802, -116.388169 33.805829, -116.38828 33.805559, -116.38829 33.80535, -116.388269 33.80442, -116.388269 33.802749, -116.38833 33.80224, -116.38838 33.80211, -116.3885 33.80204, -116.388789 33.801949, -116.39065 33.801929, -116.39405 33.80189, -116.40399 33.80182, -116.40602 33.80179, -116.40603 33.796576, -116.40606 33.78718, -116.40606 33.778589, -116.40608 33.77665, -116.40613 33.77622, -116.40617 33.77602, -116.40638 33.77533, -116.4065 33.77504, -116.40664 33.77475, -116.40756 33.77304, -116.40777 33.77255, -116.40791 33.77215, -116.40805 33.77165, -116.40812 33.77132, -116.40817 33.77094, -116.40823 33.77015, -116.40824 33.76657, -116.40828 33.76504, -116.40824 33.76331, -116.408227 33.760901, -116.40822 33.75806, -116.40824 33.7578, -116.391629 33.7578, -116.391399 33.757679, -116.39126 33.757479, -116.391275 33.756863, -116.39129 33.756029, -116.39126 33.755689, -116.39124 33.75458, -116.39126 33.75258, -116.39117 33.75241, -116.39118 33.75107, -116.39117 33.74828, -116.39119 33.74657, -116.3912 33.74109, -116.39119 33.738894, -116.39119 33.73883, -116.39124 33.7387, -116.39126 33.73695, -116.39125 33.73623, -116.39126 33.73293, -116.39124 33.73241, -116.39123 33.72879, -116.39125 33.72863, -116.39126 33.72538, -116.39133 33.72494, -116.39141 33.72456, -116.39142 33.7244, -116.39143 33.72411, -116.39142 33.72357, -116.39146 33.72169, -116.39147 33.72153, -116.392195 33.721544, -116.39385 33.72161, -116.39456 33.72165, -116.39509 33.7217, -116.39579 33.72183, -116.39618 33.72192, -116.39681 33.72214, -116.3971 33.72227, -116.39754 33.72249, -116.39792 33.72272, -116.39826 33.72294, -116.39852 33.72314, -116.39841 33.72335, -116.398339 33.72363, -116.39835 33.724379))",1091108376,0
19,"MULTILINESTRING ((-116.39837 33.72515, -116.39837 33.72854, -116.3969 33.72855, -116.39561 33.7286, -116.39108 33.72864, -116.39108 33.73156, -116.39109 33.73312, -116.39111 33.73388, -116.391118 33.737172, -116.39113 33.7387, -116.39119 33.73883, -116.3912 33.74074, -116.39119 33.74657, -116.39117 33.74828, -116.39118 33.75107, -116.39117 33.75241, -116.39108 33.75258, -116.391049 33.755133, -116.39108 33.757939, -116.393349 33.75792, -116.39992 33.75794, -116.40807 33.75792, -116.408082 33.758974, -116.40811 33.7651, -116.40808 33.77016, -116.40807 33.77064, -116.40804 33.77093, -116.40798 33.77129, -116.40785 33.7719, -116.40778 33.77212, -116.40757 33.77265, -116.40648 33.7747, -116.40634 33.77499, -116.40617 33.77541, -116.40601 33.77597, -116.405911 33.776653, -116.4059 33.77697, -116.40591 33.78307, -116.40588 33.78705, -116.40589 33.79464, -116.40588 33.801339, -116.405769 33.80148, -116.405629 33.801579, -116.40538 33.801679, -116.39756 33.80173, -116.392463 33.801741, -116.38953 33.801759, -116.38806 33.80181, -116.38805 33.80196, -116.3880674253957 33.80507043313129), (-116.3880686341824 33.80528620156616, -116.38807 33.80553, -116.38817 33.80583, -116.38818 33.80802, -116.38821 33.80884, -116.38815 33.81025, -116.38817 33.81612, -116.38818 33.8164, -116.38844 33.81648, -116.3968211540226 33.81644671503565), (-116.4011462764169 33.8163893032541, -116.40123 33.81636, -116.40684 33.81632, -116.40804 33.81632, -116.40829 33.81639, -116.409443 33.81639, -116.42335 33.81628, -116.431091 33.81618, -116.43886 33.81607, -116.44305 33.81603, -116.4445 33.81604, -116.44811 33.81603, -116.45136 33.816, -116.452738 33.816015, -116.45807 33.81601, -116.45812 33.81755, -116.45812 33.81953, -116.4581 33.81998, -116.45811 33.82317, -116.45808 33.82441, -116.45804 33.82525, -116.45803 33.8269, -116.45804 33.829565, -116.45804 33.83047, -116.46687 33.83047, -116.46689 33.83682, -116.46688 33.840216, -116.4669 33.84336, -116.46689 33.84496, -116.46955 33.84497, -116.47468 33.84495, -116.47587 33.84493, -116.47756 33.84484, -116.482831 33.844837, -116.4906 33.84486, -116.493246 33.84491578915662), (-116.5058105468647 33.8449233088855, -116.508489 33.84493, -116.51018 33.84491, -116.518769 33.844889, -116.52009 33.844869, -116.52614 33.84485, -116.52818 33.84484, -116.52815 33.85128, -116.528079 33.85952, -116.530018 33.859528, -116.53681 33.85952, -116.537569 33.8595, -116.54411 33.8595, -116.54553 33.85954, -116.54547 33.85976, -116.54546 33.86005, -116.54546 33.86316, -116.545929 33.863159, -116.54695 33.86321, -116.547229 33.863207, -116.55096 33.863169, -116.55363 33.8632, -116.55402 33.863229, -116.55461 33.86324, -116.55627 33.86324, -116.55792 33.86329, -116.55876 33.86328, -116.558769 33.862599, -116.559569 33.86257, -116.559719 33.86255, -116.560029 33.86247, -116.5605 33.86221, -116.560789 33.86194, -116.56103 33.86166, -116.5612266656338 33.86133538323093), (-116.5595896726469 33.86031872025644, -116.55944 33.86022, -116.55874 33.85968, -116.55862 33.85961, -116.55802 33.85897, -116.5580096301589 33.85895942444515), (-116.5580012718918 33.85895090036936, -116.556911 33.857839, -116.5539 33.85462, -116.54761 33.84801, -116.54741 33.84777, -116.54725 33.84753, -116.54714 33.84733, -116.547 33.84701, -116.54687 33.84664, -116.546789 33.846299, -116.546759 33.845769, -116.546772 33.842681, -116.54678 33.83303, -116.54681 33.83213, -116.54682 33.83108, -116.54682 33.82574, -116.546807 33.824695, -116.54678 33.81584, -116.545569 33.815829, -116.54556 33.81945, -116.545579 33.821229, -116.545569 33.82308, -116.545399 33.82304, -116.544531 33.82306, -116.538099 33.82308, -116.533389 33.82306, -116.531679 33.82307, -116.53076 33.82306, -116.529199 33.82306, -116.529069 33.82306, -116.52824 33.82306, -116.527709 33.82306, -116.527479 33.82306, -116.527049 33.82306, -116.52692 33.82306, -116.52652 33.82306, -116.526139 33.82306, -116.52491 33.82308, -116.52289 33.82308, -116.518039 33.823089, -116.518049 33.821639, -116.518039 33.81956, -116.51082 33.81953, -116.51064 33.819509, -116.51064 33.820129))",1091108377,0
20,"MULTILINESTRING ((-116.0679295090024 33.56931026180218, -116.0679 33.57173, -116.06793 33.57201, -116.067989 33.57234, -116.06811 33.57267, -116.06813 33.57288, -116.074519 33.57284, -116.07605 33.57286, -116.078955 33.572821, -116.0790205755574 33.57282022852285), (-116.0790133330059 33.5735066750967, -116.079 33.57385, -116.079 33.57477037288171), (-116.0789337629234 33.58104830055205, -116.078929 33.581169, -116.078879 33.583899, -116.0788748770174 33.58396381822634), (-116.1202873260748 33.62151122202267, -116.12035 33.62165, -116.120679 33.622489, -116.12195 33.62654, -116.12213 33.62705, -116.12242 33.6278, -116.12273 33.62848, -116.12305 33.62909, -116.12337 33.62964, -116.12369 33.63013, -116.12412 33.63074, -116.128809 33.636932, -116.130369 33.639, -116.130459 33.639219, -116.13088 33.63991, -116.13102 33.64027, -116.131119 33.64063, -116.13116 33.641139, -116.131139 33.64208, -116.134959 33.642099, -116.1371 33.64207, -116.1371030680432 33.64207), (-116.1403256577785 33.64220601817531, -116.140359 33.642209, -116.141019 33.64223, -116.14299 33.642209, -116.145944 33.642097, -116.1464824430168 33.64206173912987), (-116.1725888644143 33.64958141143349, -116.172569 33.65223, -116.17257 33.655873, -116.17257 33.65662, -116.17303 33.65663, -116.174419 33.656609, -116.178469 33.656599, -116.18176 33.65654, -116.18177 33.65738, -116.181709 33.66323, -116.1817 33.66382, -116.18165 33.66394, -116.18164 33.66403, -116.181623 33.666117, -116.18156 33.671919, -116.18156 33.67572, -116.18154 33.676409, -116.181529 33.678199), (-116.181529 33.678199, -116.181299 33.678199), (-116.181299 33.678199, -116.1812 33.678199), (-116.1812 33.678199, -116.18096 33.67826), (-116.18096 33.67826, -116.180899 33.678289), (-116.180899 33.678289, -116.17665 33.68088, -116.175704 33.681449, -116.17547 33.68159, -116.17484 33.68086, -116.17602 33.680169, -116.17665 33.680879, -116.180899 33.678289), (-116.181529 33.678199, -116.181519 33.68183, -116.18147 33.68545, -116.18236 33.685469, -116.184573 33.685461, -116.19059 33.68545, -116.206181 33.685469, -116.20779 33.685469, -116.20773 33.68723, -116.20773 33.693149, -116.2077 33.6967, -116.20769 33.700339, -116.205555 33.700356, -116.19902 33.70039, -116.19906 33.7023, -116.19906 33.70313, -116.19905 33.70395, -116.19905 33.70432, -116.19908 33.70581, -116.19908 33.70775, -116.20135 33.70771, -116.205315 33.707696, -116.20708 33.70769, -116.20775 33.70771, -116.21643 33.707709, -116.216359 33.712749, -116.216319 33.71307, -116.21629 33.713679, -116.21615 33.715289, -116.216129 33.71585, -116.216129 33.71644, -116.21612 33.717449, -116.216089 33.71793, -116.216089 33.71849, -116.21617 33.71865, -116.2162 33.71901, -116.21625 33.7222, -116.21631 33.72397, -116.21631 33.72944, -116.2164 33.73308, -116.21645 33.734408, -116.21658 33.73937, -116.21655 33.73961, -116.216539 33.74033, -116.21665 33.74408, -116.216799 33.744079, -116.21701 33.74411, -116.21765 33.74412, -116.22026 33.74413, -116.226639 33.744083, -116.23122 33.74403, -116.23118 33.7427, -116.230979 33.742719, -116.230719 33.7427, -116.230219 33.742559, -116.228409 33.742119))",1091108378,0
21,"MULTILINESTRING ((-116.229179 33.74231, -116.228409 33.742119, -116.228049 33.742109, -116.22813 33.74397, -116.22535 33.74399, -116.22026 33.743989, -116.218659 33.74397, -116.2168 33.74398, -116.21679 33.74296, -116.21674 33.74211, -116.21668 33.74032, -116.21663 33.7396, -116.21658 33.73937, -116.216547 33.73826, -116.21631 33.72944, -116.21631 33.72397, -116.21625 33.7222, -116.21625 33.72159, -116.216216 33.720277, -116.2162 33.71901, -116.21617 33.71865, -116.21624 33.71851, -116.21624 33.71745, -116.21628 33.71565, -116.21642 33.713649, -116.216409 33.713049, -116.216359 33.712749, -116.216359 33.71252, -116.216409 33.7086, -116.21642 33.70829, -116.21643 33.707709, -116.209942 33.707702, -116.20775 33.70771, -116.20708 33.70769, -116.20135 33.70771, -116.19908 33.70775, -116.19908 33.70581, -116.19905 33.70432, -116.19906 33.7023, -116.19902 33.70039, -116.200928 33.700383, -116.20769 33.700339, -116.2077 33.6967, -116.20773 33.693149, -116.20773 33.687978, -116.20773 33.68723, -116.20779 33.685469, -116.189197 33.68545, -116.18417 33.68547, -116.18236 33.685469, -116.181619 33.68545, -116.1816 33.68453, -116.18164 33.68183, -116.181659 33.678199), (-116.181659 33.678199, -116.181529 33.678199), (-116.181529 33.678199, -116.181299 33.678199), (-116.181299 33.678199, -116.1812 33.678199), (-116.1812 33.678199, -116.18096 33.67826), (-116.18096 33.67826, -116.180899 33.678289), (-116.180899 33.678289, -116.17724 33.680518, -116.17665 33.680879), (-116.17665 33.680879, -116.17665 33.68088, -116.17547 33.68159, -116.17484 33.68086, -116.17602 33.680169, -116.17665 33.680879), (-116.17665 33.680879, -116.180899 33.678289), (-116.181659 33.678199, -116.18165 33.676869, -116.181691 33.670054, -116.181759 33.6644, -116.18176 33.66402, -116.18175 33.66393, -116.181699 33.663819, -116.18177 33.65738, -116.18176 33.65654, -116.179509 33.656589, -116.176407 33.656603, -116.17303 33.65663, -116.17257 33.65662, -116.172569 33.65223, -116.1725888644143 33.64958141143349), (-116.1464824428837 33.64206175845082, -116.14592 33.642099, -116.143319 33.642199, -116.141849 33.64223, -116.141019 33.64223, -116.140359 33.642209, -116.1403256577785 33.64220601817531), (-116.1371030680432 33.64207, -116.1371 33.64207, -116.134959 33.642099, -116.1349604193302 33.64214637859402), (-116.1335114810568 33.64243298176898, -116.133509 33.64243, -116.13341 33.642289, -116.133199 33.642099, -116.132969 33.641839, -116.131897 33.640423, -116.12597 33.63261, -116.12447 33.63062, -116.12399 33.62994, -116.12341 33.628989, -116.122899 33.62803, -116.12265 33.62742, -116.12214 33.62604, -116.121735 33.624678, -116.12112 33.6227, -116.1206 33.62134, -116.1204316881202 33.62098807516053), (-116.0788748782397 33.58396381823424, -116.078879 33.583899, -116.078929 33.581169, -116.0789337629234 33.58104830055205), (-116.079 33.57477037288171, -116.079 33.57385, -116.0790133378364 33.57350621726611), (-116.0790208839351 33.57279100058735, -116.078978583704 33.5727290431899), (-116.0787693072768 33.57247762898948, -116.078749 33.572459, -116.078579 33.572369, -116.078519 33.5723, -116.078469 33.572269, -116.07815 33.57212, -116.078019 33.57195, -116.07809 33.571899, -116.078109 33.571839, -116.07809 33.571739, -116.07796 33.57167, -116.077839 33.57152, -116.077709 33.57131, -116.077309 33.57077, -116.07724 33.5707, -116.077139 33.570659, -116.076719 33.57016, -116.07636 33.56967, -116.07622 33.56952, -116.07598 33.56937, -116.0759137774413 33.56934240726723))",1091108379,0
22,"MULTILINESTRING ((-116.54677 33.843, -116.54678 33.83303, -116.54682 33.83108, -116.546811 33.825014, -116.54677 33.815729, -116.546669 33.81539, -116.546399 33.81498, -116.54591 33.814279, -116.545619 33.813999, -116.54543 33.81371, -116.54507 33.81324, -116.54494 33.81304, -116.54482 33.81281, -116.5447 33.81249, -116.54462 33.81216, -116.5446 33.81194, -116.54456 33.81101, -116.54457 33.81075, -116.54462 33.81045, -116.544689 33.810219, -116.5448 33.80997, -116.54501 33.80962, -116.54532 33.80922, -116.54542 33.80906, -116.54552 33.80883, -116.54559 33.80852, -116.54561 33.80833, -116.545611 33.807686, -116.54564 33.80328, -116.54562 33.80299, -116.54559 33.80285, -116.54551 33.80263, -116.54545 33.8025, -116.54526 33.8022, -116.54512 33.80204, -116.54497 33.8019, -116.54462 33.80166, -116.54441 33.80156, -116.54402 33.80142, -116.54375 33.80136, -116.54342 33.80133, -116.530647 33.801382, -116.52617 33.8014, -116.51733 33.80138, -116.51649 33.80136, -116.51613 33.80132, -116.51559 33.801219, -116.51501 33.80104, -116.51462 33.80089, -116.514209 33.800689, -116.51368 33.80035, -116.51321 33.799949, -116.5124 33.79913, -116.512179 33.798909, -116.51167 33.79843, -116.51128 33.79809, -116.51094 33.79784, -116.510708 33.797702, -116.51011 33.79737, -116.50978 33.79721, -116.50942 33.79707, -116.50892 33.7969, -116.5077 33.79656, -116.50342 33.79542, -116.49522 33.79334, -116.490215 33.792031, -116.48871 33.79163, -116.4878232165286 33.79135047042748), (-116.487652206599 33.79128858455187, -116.48712 33.79109, -116.48641 33.7908, -116.4863862345434 33.79078976765064), (-116.4859375882791 33.79059660050906, -116.48569 33.79049, -116.48494 33.79014, -116.48438 33.78977, -116.48322 33.78889, -116.47715 33.78541, -116.47566 33.78454, -116.47365 33.78341, -116.47356 33.783239, -116.472102 33.782439, -116.471019 33.78182, -116.470469 33.78156, -116.469709 33.781249, -116.46918 33.78107, -116.46771 33.78064, -116.46644 33.78034, -116.46246 33.77925), (-116.46246 33.77925, -116.46244 33.77812, -116.46463 33.77814, -116.46463 33.77984, -116.46246 33.77925), (-116.46246 33.77925, -116.46027 33.77864, -116.45967 33.77846, -116.459329 33.778329, -116.45898 33.77817, -116.45826 33.77791, -116.45799 33.77788, -116.45637 33.77717, -116.45551 33.77686, -116.45512 33.77675, -116.45439 33.77659, -116.45266 33.77636, -116.45235 33.77629, -116.4519 33.77615, -116.4516 33.77603, -116.45115 33.7758, -116.45053 33.77545, -116.45031 33.77525, -116.44989 33.77502, -116.44908 33.7745, -116.44872 33.7742, -116.44833 33.77381, -116.44794 33.77334, -116.44756 33.77276, -116.447387672538 33.77241534507593), (-116.4473107212239 33.77224311235227, -116.4472 33.77197, -116.4471132088305 33.77169798377353), (-116.4436295666924 33.76472707876601, -116.4436 33.76468, -116.44252 33.76291, -116.44183 33.76206, -116.44146 33.76168, -116.44104 33.7613, -116.44059 33.76094, -116.44001 33.76053, -116.43391 33.7564, -116.43341 33.75603, -116.43293 33.75565, -116.43241 33.7552, -116.430732 33.753598, -116.42877 33.75169, -116.42847 33.75143, -116.42786 33.75099, -116.4275 33.75081, -116.42506 33.74988, -116.4246 33.74966, -116.42206 33.7481, -116.42112 33.74758, -116.41643 33.74533, -116.41617 33.74519, -116.41564 33.74483, -116.41534 33.74458, -116.41498 33.7442, -116.413787 33.74283, -116.41329 33.74228, -116.41088 33.73951, -116.41059 33.73916, -116.41031 33.73879, -116.40965 33.73782, -116.40904 33.73699, -116.40836 33.7361, -116.4064902628359 33.73348425659361), (-116.4049100152843 33.73130676755149, -116.403051213358 33.72867530613203), (-116.4008170586734 33.72558345224582, -116.40059 33.72528, -116.40031 33.72487, -116.39951 33.72383, -116.39914 33.72342, -116.3986 33.72294, -116.39852 33.72314, -116.39841 33.72335, -116.398339 33.72363, -116.39837 33.72515, -116.39837 33.72854, -116.3969 33.72855, -116.39561 33.7286, -116.39125 33.72863, -116.39125 33.727809, -116.39126 33.72538, -116.39133 33.72494, -116.39141 33.72456, -116.39142 33.7244, -116.39144 33.7223, -116.39147 33.72153, -116.39146 33.72134, -116.39121 33.72135, -116.39064 33.72133, -116.38889 33.72133, -116.38704 33.7213, -116.3831 33.72127, -116.38152 33.72124, -116.38005 33.72124, -116.37763 33.72121, -116.37271 33.72117, -116.37082 33.72118, -116.36504 33.72126, -116.36264 33.72126, -116.36234 33.72134, -116.360589 33.72134, -116.356026 33.721389, -116.350469 33.721419, -116.35025 33.72136, -116.349729 33.72136, -116.34329 33.721409, -116.334417 33.721452, -116.32694 33.721499, -116.32676 33.72155, -116.32437 33.72155, -116.32344 33.72149, -116.3152 33.72078, -116.31461 33.72071, -116.31372 33.72054, -116.312932 33.720293, -116.31256 33.72015, -116.31192 33.71986, -116.30936 33.71859, -116.30856 33.71821, -116.30766 33.71784, -116.30653 33.71744, -116.30567 33.71719, -116.30507 33.71703, -116.30382 33.71676, -116.30297 33.71662, -116.3019 33.71648, -116.29784 33.71605, -116.29746 33.71592, -116.29699 33.71582, -116.29653 33.71569, -116.29557 33.71534, -116.29499 33.71503, -116.29458 33.71479, -116.29431 33.71461, -116.29395 33.71434, -116.29359 33.71404, -116.29325 33.713719, -116.28971 33.71028, -116.2892 33.70981, -116.28882 33.70951, -116.28829 33.70915, -116.28778 33.70887, -116.28714 33.70857, -116.28619 33.70821, -116.28575 33.70809, -116.28534 33.708, -116.28485 33.70791, -116.2842 33.70782, -116.28043 33.70742, -116.27943 33.70733, -116.2785 33.70728, -116.274466 33.70727, -116.27116 33.70727, -116.26884 33.70729, -116.252845 33.707276, -116.25167 33.70728, -116.25137 33.70735, -116.2441 33.70738, -116.24354 33.70741, -116.24313 33.70747, -116.24255 33.70761, -116.24218 33.70772, -116.2417 33.70794, -116.24136 33.70812, -116.24092 33.7084, -116.2406 33.70866, -116.24016 33.7091, -116.2368 33.71278, -116.23654 33.71303, -116.23605 33.71342, -116.23541 33.71383, -116.23503 33.71402, -116.234682 33.714118, -116.23434 33.71425, -116.23383 33.7144, -116.23329 33.71453, -116.23283 33.71462, -116.23234 33.71468, -116.2318 33.71472, -116.22869 33.71477, -116.21836 33.71483, -116.21819 33.71489, -116.21633 33.71491, -116.213182 33.714905, -116.21031 33.71491, -116.20748 33.71489, -116.20733 33.71491, -116.20721 33.71495, -116.20712 33.71506, -116.20523 33.71401, -116.20402 33.71325, -116.20347 33.71287, -116.20301 33.71252, -116.20255 33.71216, -116.20182 33.71155, -116.20101 33.71081, -116.20017 33.70992, -116.196574 33.705799, -116.1853 33.69288, -116.183896 33.691231, -116.18284 33.69003, -116.18249 33.68959, -116.18231 33.68931, -116.18213 33.68899, -116.18199 33.68869, -116.18184 33.68828, -116.18178 33.68804, -116.18174 33.68775, -116.1817 33.68711, -116.18161 33.68524, -116.18166 33.6782, -116.1812 33.6782, -116.18096 33.67826, -116.177203 33.680539, -116.17547 33.68159, -116.17484 33.68086, -116.17602 33.68017))",1091108380,0
23,"MULTILINESTRING ((-116.17602 33.68017, -116.17665 33.68088, -116.18096 33.67826, -116.1812 33.6782, -116.18153 33.6782, -116.18152 33.68183, -116.18147 33.68545, -116.18149 33.68622, -116.18159 33.68775, -116.1817 33.6883, -116.18176 33.68851, -116.18184 33.68874, -116.18198 33.68905, -116.18215 33.68937, -116.18227 33.68956, -116.18247 33.68983, -116.182743 33.69016, -116.18762 33.69577, -116.19072 33.69931, -116.19177 33.70047, -116.19205 33.70082, -116.195447 33.704713, -116.20009 33.71003, -116.20058 33.71056, -116.20127 33.71124, -116.20168 33.71162, -116.20236 33.7122, -116.20285 33.71259, -116.20338 33.71298, -116.20423 33.71356, -116.20536 33.71425, -116.20704 33.71517, -116.20721 33.71495, -116.20733 33.71491, -116.20748 33.71489, -116.211246 33.714904, -116.21633 33.71491, -116.21819 33.71489, -116.21836 33.71495, -116.21897 33.71495, -116.22869 33.7149, -116.2304 33.71487, -116.23172 33.71487, -116.23237 33.71484, -116.232848 33.714783, -116.2331 33.71474, -116.23383 33.71457, -116.23453 33.71433, -116.2348 33.71421, -116.23503 33.71402, -116.23541 33.71383, -116.23605 33.71342, -116.23654 33.71303, -116.2368 33.71278, -116.24016 33.7091, -116.2406 33.70866, -116.24092 33.7084, -116.24136 33.70812, -116.2417 33.70794, -116.24218 33.70772, -116.24255 33.70761, -116.24313 33.70747, -116.24354 33.70741, -116.2441 33.70738, -116.250821 33.70735, -116.25137 33.70735, -116.25169 33.70741, -116.25218 33.70743, -116.272434 33.707443, -116.27747 33.70744, -116.27881 33.70746, -116.27986 33.70752, -116.28039 33.70757, -116.28418 33.708, -116.285 33.70811, -116.28537 33.70818, -116.28654 33.70852, -116.28706 33.70872, -116.28749 33.70892, -116.28797 33.70918, -116.28871 33.70966, -116.28909 33.70996, -116.28956 33.71039, -116.291883 33.712663, -116.29323 33.714, -116.29382 33.71452, -116.29454 33.71502, -116.29499 33.71528, -116.2954 33.71548, -116.29606 33.71575, -116.29666 33.71594, -116.29747 33.71607, -116.29784 33.71605, -116.3019 33.71648, -116.30297 33.71662, -116.30382 33.71676, -116.30507 33.71703, -116.30653 33.71744, -116.30766 33.71784, -116.30856 33.71821, -116.30936 33.71859, -116.311166 33.719487, -116.31192 33.71986, -116.31256 33.72015, -116.31295 33.7203, -116.31372 33.72054, -116.31461 33.72071, -116.3152 33.72078, -116.32344 33.72149, -116.32437 33.72155, -116.32676 33.72155, -116.32694 33.721599, -116.332401 33.721572, -116.348029 33.721489, -116.35025 33.72147, -116.350469 33.721419, -116.354013 33.721394, -116.3576 33.72138, -116.360589 33.72134, -116.36234 33.72134, -116.36263 33.72141, -116.36342 33.72142, -116.36867 33.72136, -116.37 33.72139, -116.37271 33.72134, -116.375618 33.721354, -116.38348 33.72144, -116.38459 33.72143, -116.386 33.72146, -116.39124 33.72152, -116.39126 33.7217, -116.39125 33.72313, -116.39127 33.72432, -116.39123 33.72466, -116.39117 33.72493, -116.3911 33.72542, -116.39109 33.726499, -116.39108 33.7288, -116.39243 33.72877, -116.39838 33.72871, -116.39837 33.72515, -116.398339 33.72363, -116.39841 33.72335, -116.398519 33.72314, -116.39892 33.72349, -116.39913 33.72371, -116.39939 33.72402, -116.40029 33.72513, -116.401235 33.72645, -116.40275 33.72856, -116.40302 33.72896, -116.40567 33.73261, -116.40605 33.73316, -116.4083 33.73628, -116.41041 33.73917, -116.41115 33.74005, -116.412621 33.741729, -116.41507 33.74451, -116.41541 33.74483, -116.41581 33.74513, -116.41604 33.74528, -116.42021 33.74728, -116.42149 33.74793, -116.42438 33.7497, -116.42468 33.74985, -116.42498 33.74999, -116.42544 33.75015, -116.42739 33.7509, -116.42775 33.75109, -116.42834 33.7515, -116.4286 33.75172, -116.429462 33.752563, -116.43122 33.75428, -116.43231 33.7553, -116.43283 33.75575, -116.4333 33.75612, -116.43504 33.75736, -116.43996 33.76068, -116.44068 33.76119, -116.44102 33.76149, -116.44133 33.76177, -116.44171 33.76216, -116.44233 33.76294, -116.444005 33.765615, -116.44565 33.76826, -116.446 33.76893, -116.44622 33.76943, -116.44638 33.7699, -116.44703 33.77196, -116.44719 33.77238, -116.4474 33.7728, -116.44778 33.77338, -116.4482 33.77389, -116.44855 33.77426, -116.44893 33.77458, -116.44926 33.77481, -116.44979 33.77514, -116.45023 33.77539, -116.45053 33.77545, -116.45115 33.7758, -116.4516 33.77603, -116.4519 33.77615, -116.45235 33.77629, -116.45266 33.77636, -116.45439 33.77659, -116.45512 33.77675, -116.45551 33.77686, -116.45601 33.77703, -116.45637 33.77717, -116.457663 33.777737, -116.45799 33.77788, -116.45822 33.77807, -116.45934 33.77847, -116.46246 33.77934, -116.46244 33.77812, -116.46463 33.77814, -116.46463 33.77995, -116.46869 33.78107, -116.46966 33.78137, -116.4704 33.78167, -116.470919 33.78194, -116.47203 33.78256, -116.473229 33.783249, -116.47351 33.78337, -116.47365 33.783409, -116.474137 33.783684, -116.47566 33.78454, -116.47715 33.78541, -116.48322 33.78889, -116.48438 33.78977, -116.48494 33.79014, -116.48569 33.79049, -116.4859375882791 33.79059660050906), (-116.4863862345434 33.79078976765064, -116.48641 33.7908, -116.48712 33.79109, -116.487652206599 33.79128858455187), (-116.4878232165286 33.79135047042748, -116.48871 33.79163, -116.4895 33.79185, -116.492659 33.792666, -116.49522 33.79334, -116.50342 33.79542, -116.5077 33.79656, -116.50892 33.7969, -116.50978 33.79721, -116.51049 33.79757, -116.510879 33.797799, -116.51128 33.79809, -116.51167 33.79843, -116.512488 33.799219, -116.51321 33.799949, -116.51345 33.80016, -116.51368 33.80035, -116.514209 33.800689, -116.51462 33.80089, -116.51501 33.80104, -116.51542 33.80117, -116.51613 33.80132, -116.51649 33.80136, -116.51733 33.80138, -116.52617 33.8014, -116.533211 33.801374, -116.54342 33.80133, -116.54375 33.80136, -116.54402 33.80142, -116.54421 33.80148, -116.54462 33.80166, -116.54478 33.80176, -116.54497 33.8019, -116.54512 33.80204, -116.54526 33.8022, -116.54539 33.8024, -116.54551 33.80263, -116.54559 33.80285, -116.54564 33.80317, -116.54561 33.80833, -116.54559 33.80852, -116.54552 33.80883, -116.54542 33.80906, -116.54532 33.80922, -116.545171 33.809412, -116.54501 33.80962, -116.5448 33.80997, -116.544689 33.810219, -116.54462 33.81045, -116.54457 33.81075, -116.54456 33.81101, -116.54462 33.81216, -116.5447 33.81249, -116.54482 33.81281, -116.54494 33.81304, -116.54507 33.81324, -116.54543 33.81371, -116.545619 33.813999, -116.545579 33.81444, -116.545569 33.815829, -116.54556 33.81945, -116.54558 33.82123, -116.54557 33.82308, -116.545584 33.827087, -116.54561 33.82991, -116.5456 33.83097, -116.54562 33.83399, -116.5456 33.83756, -116.54561 33.83989, -116.54559 33.84487, -116.545835 33.84487, -116.54676 33.84486, -116.546767 33.842579))",1091108381,0
24,"MULTILINESTRING ((-116.46463 33.77814, -116.46244 33.77812, -116.464629 33.77814, -116.46463 33.77995, -116.46569 33.78024, -116.46605 33.780439, -116.46682 33.78064, -116.46681 33.781439, -116.46686 33.782229, -116.466839 33.783049, -116.466829 33.78474, -116.465749 33.78472, -116.465209 33.78472, -116.464629 33.78473, -116.464489 33.78472, -116.461739 33.7839, -116.46046 33.783499, -116.460169 33.78336, -116.45992 33.78318, -116.459623 33.78286, -116.45919 33.78223, -116.45897 33.78201, -116.45879 33.78191, -116.45859 33.78186, -116.45838 33.78184, -116.45804 33.78185, -116.45814 33.78461, -116.45809 33.78478, -116.458059 33.78517, -116.45807 33.78674, -116.45812 33.786919, -116.45813 33.789639, -116.458109 33.79058, -116.45808 33.79415, -116.458059 33.79716, -116.45807 33.79778, -116.458016 33.797988, -116.457999 33.79805, -116.45794 33.802289, -116.45794 33.80324, -116.45796 33.80703, -116.45803 33.807189, -116.45806 33.81395, -116.457999 33.81416, -116.457999 33.81434, -116.458009 33.81485, -116.45804 33.815259, -116.458065 33.815946, -116.45807 33.81601, -116.46118 33.816009, -116.46338 33.81599, -116.468669 33.815989, -116.474349 33.81596, -116.47532 33.81597, -116.47558 33.815899, -116.479608 33.815889, -116.48427 33.81586, -116.48451 33.81592, -116.48696 33.81593, -116.489499 33.815899, -116.492829 33.815919, -116.49711 33.8159, -116.49737 33.81584, -116.501228 33.81586, -116.50681 33.815889, -116.50973 33.81588, -116.510649 33.815899, -116.510649 33.823209, -116.51163 33.82322, -116.514076 33.823208, -116.518039 33.823199, -116.518049 33.820689, -116.518029 33.81594, -116.526978 33.81593, -116.533019 33.815909, -116.533109 33.815919, -116.54026 33.81586, -116.543779 33.81586, -116.545569 33.815829, -116.54557 33.818363, -116.54556 33.81945, -116.54558 33.82123, -116.54557 33.82308, -116.545399 33.82304, -116.54456 33.82306, -116.538099 33.82308, -116.529609 33.82306, -116.52824 33.82306, -116.52823 33.824809, -116.52824 33.829329, -116.528209 33.83213, -116.52821 33.83684, -116.52819 33.839905, -116.528169 33.84231, -116.52818 33.84484, -116.52009 33.844869, -116.51247 33.84492, -116.5058 33.84493, -116.50584 33.8459, -116.50588 33.84623, -116.5059 33.84681, -116.5058843187991 33.84855845389552), (-116.5017233075862 33.924998, -116.50172 33.928595, -116.50171 33.93249, -116.501295 33.946577, -116.501338 33.964561, -116.50133 33.966289, -116.50137 33.971859, -116.50137 33.976019, -116.50436 33.97602, -116.50524 33.97604, -116.509237 33.97604, -116.51015 33.97604, -116.51014 33.96932, -116.5101 33.96599, -116.5101 33.96505, -116.51013 33.96413, -116.510109 33.962609))",1091108382,0
25,"MULTILINESTRING ((-116.510109 33.962609, -116.510109 33.961449, -116.50133 33.96147, -116.501305 33.951927, -116.50129 33.94677, -116.501664 33.933944, -116.50171 33.93249, -116.50172 33.93105, -116.501724540135 33.924998), (-116.5058843187991 33.84855845389552, -116.5059 33.84681, -116.50588 33.84623, -116.50584 33.8459, -116.5058 33.84493, -116.506033 33.84493, -116.51104 33.84493, -116.52009 33.844869, -116.527684 33.84484, -116.52818 33.84484, -116.528169 33.84231, -116.52821 33.83684, -116.528209 33.83213, -116.52824 33.829329, -116.52824 33.827267, -116.52823 33.824989, -116.52824 33.823179, -116.53696 33.82317, -116.53949 33.82315, -116.54185 33.82316, -116.54375 33.82315, -116.544968 33.823126, -116.545479 33.823109, -116.545569 33.823079, -116.5468 33.82308, -116.54678 33.81584, -116.545569 33.815829, -116.543779 33.81586, -116.54026 33.81586, -116.535692 33.815899, -116.533109 33.815919, -116.533019 33.815909, -116.52436 33.81594, -116.518029 33.81594, -116.518039 33.819249, -116.518049 33.820689, -116.518039 33.823089, -116.5126 33.8231, -116.510649 33.823089, -116.510649 33.815899, -116.50967 33.815883, -116.50681 33.815889, -116.49737 33.81584, -116.49711 33.81577, -116.494009 33.81575, -116.488038 33.81577, -116.48633 33.81575, -116.48566 33.81578, -116.48449 33.81579, -116.48427 33.81586, -116.480509 33.815889, -116.47558 33.8159, -116.475329 33.815829, -116.466428 33.81585, -116.45924 33.81587, -116.458999 33.81588, -116.458229 33.815889, -116.458189 33.815449, -116.45813 33.81416, -116.458059 33.81395, -116.458059 33.811949, -116.45803 33.80865, -116.45803 33.808259, -116.45803 33.807189, -116.45809 33.80703, -116.458064 33.804741, -116.45808 33.80325, -116.45814 33.80135, -116.45815 33.79806, -116.45807 33.79778, -116.458059 33.79716, -116.458109 33.79058, -116.45813 33.789639, -116.45812 33.786919, -116.458172 33.786777, -116.458189 33.786729, -116.458189 33.78517, -116.458179 33.784779, -116.458139 33.78461, -116.45801 33.78117, -116.45799 33.77788, -116.45822 33.77807, -116.45934 33.778469, -116.46246 33.77934, -116.46244 33.77812, -116.46463 33.77814))",1091108383,0
26,"LINESTRING (-116.30983 33.65434, -116.31325 33.65436, -116.313236 33.660507, -116.31321 33.66342, -116.31322 33.66733, -116.31321 33.6695, -116.31322 33.67249, -116.31151 33.67251, -116.308959 33.6725, -116.308779 33.67248, -116.308239 33.67249, -116.308149 33.67248, -116.3081 33.672429, -116.308029 33.672419, -116.30795 33.672429, -116.307899 33.672459, -116.307879 33.67249, -116.30773 33.6725, -116.306075 33.6725, -116.30367 33.6725, -116.30365 33.67292, -116.30367 33.67341, -116.30366 33.67433, -116.30368 33.67597, -116.30368 33.67815, -116.302069 33.678154, -116.29476 33.67814, -116.29476 33.681051, -116.29477 33.68244, -116.29473 33.68421, -116.29476 33.68539, -116.29476 33.68704, -116.29474 33.6875, -116.29473 33.68903, -116.29477 33.68975, -116.294818 33.690039, -116.29503 33.69094, -116.29508 33.69127, -116.2951 33.69155, -116.2951 33.69191, -116.2948 33.69478, -116.29477 33.69536, -116.294785 33.699001, -116.29481 33.70361, -116.2948 33.70385, -116.29475 33.70427, -116.29469 33.70468, -116.29459 33.7051, -116.2945 33.70563, -116.29447 33.70596, -116.29446 33.70756, -116.293962 33.707555, -116.2933 33.70755, -116.29286 33.70745, -116.29238 33.70729, -116.29194 33.70721, -116.29164 33.70719, -116.2897 33.70722, -116.28942 33.70721, -116.28915 33.70715, -116.28898 33.70709, -116.28819 33.70671, -116.28774 33.70657, -116.28737 33.70653, -116.28617 33.70653, -116.286192 33.708837, -116.28623 33.717831, -116.28625 33.72182, -116.28835 33.72184, -116.2917 33.72182, -116.29193 33.72189, -116.292251 33.721886, -116.2977 33.72183, -116.301501 33.724977, -116.30199 33.72537, -116.30235 33.72571, -116.30272 33.72611, -116.30299 33.72649, -116.30328 33.72698, -116.30358 33.72766, -116.3037 33.72807, -116.30377 33.72849, -116.30381 33.72899, -116.30378 33.72961, -116.3038 33.73063, -116.30379 33.733401, -116.30377 33.73957, -116.30378 33.742394, -116.30374 33.74779, -116.303735 33.751387, -116.30373 33.75365, -116.30371 33.75469, -116.30364 33.75521, -116.30337 33.75604, -116.3038 33.75617, -116.30407 33.75622)",1091108384,0
27,"LINESTRING (-116.30349 33.75608, -116.3038 33.75617, -116.30407 33.75622, -116.30435 33.75624, -116.3053 33.75622, -116.30544 33.75624, -116.30557 33.7563, -116.3056 33.75635, -116.30561 33.75642, -116.30562 33.75815, -116.30486 33.75815, -116.30399 33.7581, -116.30364 33.75803, -116.30291 33.75782, -116.30268 33.75778, -116.30283 33.75764, -116.3029 33.75753, -116.30369 33.75558, -116.303831 33.75509, -116.30388 33.75469, -116.30389 33.75365, -116.303893 33.746099, -116.3039 33.74495, -116.30393 33.7436, -116.30393 33.737106, -116.30395 33.72983, -116.30398 33.72899, -116.30393 33.72848, -116.303865 33.728119, -116.30374 33.72767, -116.30357 33.72721, -116.30335 33.72677, -116.30301 33.72623, -116.30275 33.72589, -116.30233 33.72545, -116.30157 33.7248, -116.29779 33.72169, -116.296983 33.721693, -116.29192 33.72173, -116.2917 33.72182, -116.28942 33.72184, -116.28625 33.72182, -116.28625 33.721774, -116.286211 33.71278, -116.28617 33.70653, -116.28737 33.70653, -116.28774 33.70657, -116.28819 33.70671, -116.28898 33.70709, -116.289291 33.707181, -116.28942 33.70721, -116.2897 33.70722, -116.29164 33.70719, -116.29194 33.70721, -116.29238 33.70729, -116.29286 33.70745, -116.2933 33.70755, -116.29465 33.70756, -116.29464 33.70613, -116.29467 33.70565, -116.29475 33.70519, -116.2949 33.70449, -116.29496 33.70404, -116.29499 33.70362, -116.29499 33.703103, -116.29497 33.70156, -116.29494 33.69536, -116.29496 33.69498, -116.295044 33.694112, -116.29527 33.69203, -116.29527 33.69155, -116.29524 33.69119, -116.29493 33.68975, -116.29491 33.68946, -116.294903 33.685152, -116.2949 33.68214, -116.29494 33.68099, -116.29492 33.67814, -116.2973 33.67814, -116.29954 33.67814, -116.30151 33.67816, -116.30368 33.67815, -116.30368 33.67597, -116.303662 33.674466, -116.30367 33.67341, -116.30365 33.67292, -116.30367 33.67264, -116.306639 33.672639, -116.3071 33.672629, -116.3075 33.67257, -116.307699 33.67257, -116.307789 33.67258, -116.30787 33.672609, -116.307889 33.672639, -116.307929 33.67266, -116.307979 33.67267, -116.30804 33.67266, -116.30814 33.67259, -116.308149 33.67248, -116.3081 33.672429, -116.308079 33.672329, -116.308079 33.669226, -116.308098 33.660233, -116.3081 33.65434, -116.31069 33.65435)",1091108385,0
28,"LINESTRING (-116.398372 33.725154, -116.398376 33.725889, -116.39837 33.72392, -116.39841 33.72363, -116.39852 33.72314, -116.39892 33.72349, -116.39913 33.72371, -116.40029 33.72513, -116.40275 33.72856, -116.39891 33.72853, -116.3969 33.72855, -116.39561 33.7286, -116.393113 33.728616, -116.39125 33.72863, -116.38989 33.72866, -116.38337 33.72868, -116.38213 33.72877, -116.3818 33.72878, -116.37875 33.72879, -116.3781 33.72876, -116.37693 33.72876, -116.37506 33.7288, -116.37311 33.7288, -116.371496 33.72882, -116.36687 33.72883, -116.36624 33.72882, -116.36532 33.72877, -116.36268 33.72877, -116.35823 33.72879, -116.35781 33.72883, -116.35768 33.72886, -116.35415 33.72887, -116.3539 33.7288, -116.349893 33.728809, -116.34524 33.72883, -116.34467 33.7289, -116.33627 33.72896, -116.328273 33.72897, -116.3238 33.72898, -116.31843 33.72895, -116.31554 33.72895, -116.31128 33.72899, -116.306646 33.728986, -116.30264 33.729, -116.30055 33.72899, -116.29683 33.72905, -116.29171 33.72909, -116.28502 33.729109, -116.28005 33.72915, -116.27662 33.72915, -116.27622 33.72912, -116.27544 33.72912, -116.263395 33.72918, -116.25677 33.72921, -116.25625 33.7293, -116.24665 33.72932, -116.24613 33.72926, -116.24276 33.72927, -116.241785 33.729286, -116.236529 33.729339, -116.236209 33.72929, -116.23595 33.729229, -116.23574 33.729149, -116.235349 33.728949, -116.234899 33.72864, -116.23465 33.728519, -116.234319 33.728409, -116.23397 33.728339, -116.233719 33.728349, -116.23375 33.72813, -116.233769 33.727529, -116.233769 33.724009, -116.23379 33.723549, -116.233779 33.721959, -116.233809 33.71963, -116.233815 33.717339, -116.233809 33.71578, -116.23383 33.71478, -116.23384 33.711119, -116.23388 33.706999, -116.233869 33.706379, -116.23388 33.70221, -116.233859 33.700079, -116.23299 33.700091, -116.22233 33.70024, -116.22052 33.700249, -116.216439 33.700329, -116.211376 33.700348, -116.20946 33.700329, -116.206689 33.700339, -116.204259 33.70037, -116.19902 33.70039, -116.19906 33.692684, -116.199079 33.68546, -116.186152 33.68546, -116.18236 33.685469, -116.181619 33.68545, -116.1816 33.68453, -116.18164 33.68183, -116.181659 33.678199, -116.1812 33.678199, -116.18096 33.67826, -116.180899 33.678289, -116.17547 33.68159, -116.174972 33.681012, -116.17484 33.68086, -116.17602 33.68017)",1091108386,0
29,"LINESTRING (-116.17602 33.680169, -116.17665 33.680879, -116.180899 33.678289, -116.18096 33.67826, -116.1812 33.678199, -116.181529 33.678199, -116.181519 33.68183, -116.18147 33.68545, -116.18236 33.685469, -116.18376 33.68547, -116.187384 33.68545, -116.199079 33.68546, -116.199056 33.693711, -116.19902 33.70039, -116.204259 33.70037, -116.206689 33.700339, -116.20946 33.700329, -116.21143 33.700349, -116.212609 33.70034, -116.216439 33.700329, -116.22052 33.700249, -116.22233 33.70024, -116.233859 33.700079, -116.233859 33.700381, -116.23388 33.70221, -116.233869 33.706379, -116.23388 33.706999, -116.23384 33.711119, -116.23383 33.71478, -116.233809 33.71578, -116.233819 33.716159, -116.233809 33.718365, -116.233809 33.71963, -116.233779 33.721959, -116.23379 33.723549, -116.233769 33.724009, -116.233769 33.727529, -116.23375 33.72813, -116.233719 33.728349, -116.233949 33.72845, -116.234539 33.728619, -116.23469 33.728679, -116.23496 33.72883, -116.23533 33.72909, -116.235709 33.72928, -116.23613 33.729409, -116.236419 33.72946, -116.23682 33.729479, -116.23801 33.72947, -116.242983 33.72941, -116.24633 33.7294, -116.24665 33.72932, -116.24874 33.72931, -116.25625 33.7293, -116.25682 33.72937, -116.264589 33.729331, -116.26764 33.72933, -116.27305 33.72927, -116.27434 33.72924, -116.27622 33.72923, -116.27662 33.72915, -116.28005 33.72915, -116.286203 33.729101, -116.29171 33.72909, -116.29683 33.72905, -116.30055 33.72899, -116.30264 33.729, -116.307829 33.728982, -116.31128 33.72899, -116.31554 33.72895, -116.31843 33.72895, -116.3238 33.72898, -116.329455 33.72897, -116.33627 33.72896, -116.34467 33.7289, -116.34526 33.72897, -116.351077 33.728953, -116.35391 33.72894, -116.35415 33.72887, -116.35768 33.72886, -116.35823 33.72893, -116.36503 33.72892, -116.36557 33.72893, -116.36636 33.72898, -116.37183 33.72897, -116.37268 33.72898, -116.37444 33.72898, -116.37677 33.72893, -116.37788 33.72894, -116.38211 33.7289, -116.38253 33.72888, -116.38289 33.72884, -116.38364 33.72881, -116.39108 33.7288, -116.394299 33.728751, -116.39838 33.72871, -116.398372 33.725154)",1091108387,0
30,"MULTILINESTRING ((-116.39835 33.724379, -116.39837 33.72515, -116.39837 33.72854, -116.3969 33.72855, -116.39561 33.7286, -116.39125 33.72863, -116.38989 33.72866, -116.38337 33.72868, -116.38213 33.72877, -116.381761 33.72878, -116.37875 33.72879, -116.378099 33.728759, -116.37784 33.72877, -116.37685 33.728759, -116.375069 33.728799, -116.36771 33.72883, -116.36619 33.72882, -116.36586 33.728789, -116.36532 33.728769, -116.36016 33.728783, -116.358069 33.728789, -116.35768 33.728859, -116.35629 33.728859, -116.3563 33.73078, -116.35628 33.73231, -116.35627 33.73723, -116.3563 33.73978, -116.35622 33.73997, -116.35622 33.743608, -116.3562 33.74702, -116.35618 33.75811, -116.356112 33.761595, -116.35591 33.76929, -116.3558 33.7726, -116.35572 33.77758, -116.355644 33.779577, -116.35558 33.78146, -116.35562 33.78292, -116.3556092139937 33.78351323034384), (-116.3554504329961 33.78456746231674, -116.35525 33.78503, -116.35508 33.78534, -116.3549182485982 33.7855804412729), (-116.3862772035133 33.80555284343884, -116.38646 33.80566, -116.38773 33.80629, -116.39023 33.80736, -116.39101 33.80773, -116.39208 33.80832, -116.39351 33.80919, -116.39688 33.81119, -116.39742 33.81155, -116.39828 33.81212, -116.39929 33.81286, -116.40091 33.8141, -116.40255 33.81533, -116.40385 33.81634, -116.40609 33.81802, -116.40823 33.81965, -116.40899 33.8202, -116.40963 33.82063, -116.4101278249234 33.82093865145251), (-116.4119857067053 33.82203919575494, -116.41238 33.82226, -116.41341 33.82286, -116.413909 33.823168, -116.4143571569886 33.82344396010719), (-116.4486620432737 33.84376207625374, -116.449166 33.84406, -116.4529895493401 33.84632394368823), (-116.4540345669002 33.84694259018221, -116.4547 33.84732, -116.466809 33.854492, -116.4751228825854 33.85940158033482), (-116.5017240373587 33.924998, -116.50172 33.929926, -116.50171 33.93249, -116.50134 33.94489, -116.50129 33.94677, -116.501298 33.947908, -116.50133 33.96147, -116.50572 33.96146, -116.50572 33.962239, -116.50573 33.96599, -116.5101 33.96599, -116.5101 33.96505, -116.51013 33.96413, -116.510109 33.962309))",1091108388,0
31,"MULTILINESTRING ((-116.510109 33.962609, -116.510109 33.961449, -116.50133 33.96147, -116.501309 33.951927, -116.50129 33.94677, -116.501663 33.933947, -116.50171 33.93249, -116.50172 33.93105, -116.501724540135 33.924998), (-116.4756301956652 33.85939649703742, -116.474453 33.858703, -116.46365 33.85229, -116.46251 33.85163, -116.456816 33.848263, -116.439175 33.837827, -116.421534 33.827393, -116.4117 33.82158, -116.41 33.82057, -116.40954 33.82028, -116.40901 33.81993, -116.40792 33.81915, -116.404361 33.816477, -116.39893 33.81236, -116.398 33.81169, -116.39704 33.81105, -116.39599 33.81039, -116.39161 33.80781, -116.39119 33.80758, -116.3902 33.80711, -116.38773 33.80607, -116.38737 33.80591, -116.387095 33.805763, -116.3864341950723 33.80537630674601), (-116.354916405344 33.78557954931769, -116.35508 33.78534, -116.35525 33.78503, -116.3554504329961 33.78456746231674), (-116.3556097066571 33.78350995928803, -116.355611 33.783442, -116.35562 33.78292, -116.3556819309623 33.78279613807531), (-116.3557890895383 33.78155922524665, -116.35579 33.78147, -116.35597 33.7729, -116.35603 33.77083, -116.35607 33.76849, -116.356167 33.765479, -116.35625 33.76128, -116.35634 33.75811, -116.35635 33.75041, -116.356368 33.747494, -116.35635 33.74629, -116.35636 33.73998, -116.3563 33.73978, -116.35627 33.73723, -116.35628 33.73231, -116.3563 33.73078, -116.35629 33.729514, -116.35629 33.728859, -116.35768 33.728859, -116.35823 33.72893, -116.36503 33.72892, -116.36557 33.72893, -116.36632 33.728979, -116.371829 33.728969, -116.37444 33.72898, -116.377108 33.72893, -116.37788 33.72894, -116.38211 33.7289, -116.38253 33.72888, -116.38289 33.72884, -116.38364 33.72881, -116.39108 33.7288, -116.39305 33.728759, -116.398719 33.728707, -116.40284 33.72869, -116.4028613187937 33.72867996762651), (-116.4008160367464 33.72558530596197, -116.40034 33.724909, -116.39983 33.72424, -116.39951 33.72383, -116.39914 33.72342, -116.3986 33.72294, -116.39852 33.72314, -116.39841 33.72335, -116.398339 33.72363, -116.39837 33.72515))",1091108389,0
32,"MULTILINESTRING ((-116.510119 33.96312, -116.510109 33.961449, -116.50133 33.96147, -116.501329 33.961429, -116.501309 33.954149, -116.499247 33.954149, -116.488406 33.954128, -116.477565 33.954139, -116.47083 33.95414, -116.47041 33.95412, -116.46984 33.95402, -116.46944 33.9539, -116.46909 33.95375, -116.467127 33.952783, -116.4646700129909 33.95156922417662), (-116.4640749473819 33.95127525589478, -116.46287 33.95068, -116.46031 33.94945, -116.459269 33.948929, -116.45884 33.948739, -116.458329 33.948449, -116.458049 33.948309, -116.45795 33.94825, -116.457854 33.948154, -116.45771 33.94797, -116.457609 33.9478, -116.45754 33.947589, -116.4575 33.94734, -116.4575044468152 33.94665766091849), (-116.4578723338056 33.9325329128708, -116.457956 33.93024, -116.45812 33.92611, -116.45814 33.92528, -116.453284 33.92528, -116.45084 33.92528, -116.447209 33.925249, -116.442452 33.925248, -116.439969 33.92523))",1091108390,0
33,"MULTILINESTRING ((-116.440419 33.925239, -116.438839 33.92522, -116.43177 33.92508, -116.431814 33.923269, -116.431859 33.92141, -116.438169 33.921479, -116.440329 33.921469, -116.440451 33.92149, -116.44051 33.9215, -116.44052 33.92216, -116.440419 33.925239), (-116.440419 33.925239, -116.446686 33.92525, -116.45084 33.92528, -116.457521 33.92528, -116.45814 33.92528, -116.45812 33.92611, -116.4578788460451 33.93253292972469), (-116.4575044468152 33.94665766091849, -116.4575 33.94734, -116.45754 33.947589, -116.457609 33.9478, -116.45771 33.94797, -116.45785 33.94815, -116.45795 33.94825, -116.458049 33.948309, -116.458329 33.948449, -116.45884 33.948739, -116.459269 33.948929, -116.45945 33.94903, -116.461445 33.949999, -116.46287 33.95068, -116.4638714571369 33.95117786726232), (-116.4646689971137 33.9515734288648, -116.465559 33.951999, -116.46909 33.95375, -116.46944 33.9539, -116.46984 33.95402, -116.47041 33.95412, -116.470963 33.95414, -116.481803 33.954134, -116.48925 33.95412, -116.492644 33.954139, -116.501309 33.954149, -116.501309 33.952344, -116.501289 33.946769, -116.502639 33.94674, -116.505409 33.94676, -116.50657 33.94677, -116.510029 33.946759, -116.51006 33.951918, -116.51006 33.95411, -116.51008 33.95601, -116.51007 33.95689, -116.51009 33.95752, -116.510105 33.960911, -116.510109 33.961449, -116.51445 33.961449, -116.51451 33.96382, -116.51465 33.96508, -116.513181 33.96507, -116.5101 33.96505, -116.51013 33.96413, -116.510109 33.962309))",1091108391,0
34,"MULTILINESTRING ((-116.21585 33.72944, -116.20776 33.72942, -116.20642 33.72945, -116.205037 33.729446, -116.20349 33.72942, -116.1994 33.72942, -116.19937 33.72955, -116.19936 33.72974, -116.19936 33.733722, -116.19936 33.73669, -116.19931 33.74055, -116.199324 33.742716, -116.19933 33.7437, -116.19942 33.7439, -116.19965 33.74394, -116.20415 33.74401, -116.20646 33.74401, -116.208789 33.744032, -116.21022 33.74404, -116.21353 33.74411, -116.21665 33.74408, -116.216646 33.746536, -116.21665 33.7513, -116.221736 33.751256, -116.2254 33.75123, -116.22979 33.75124, -116.232553 33.751221, -116.23407 33.75121, -116.23409 33.75231, -116.23409 33.75766, -116.23412 33.75822, -116.23416 33.75839, -116.234821 33.758388, -116.24267 33.75836, -116.24564 33.758367, -116.25151 33.75838, -116.25151 33.75848174857143), (-116.2646081241175 33.77297504907634, -116.26899 33.77296, -116.268998 33.770984, -116.2690199541931 33.76572098116477))",1091108392,0
